parameter,mean,median,mode,hpd_min,hpd_max,repressors,mutant,operator
Ka,307.4895571242804,304.8643940269442,304.2841177231645,241.06254248934056,374.01501848635695,260.0,F164T,O1
Ki,3.416253177960298,2.7835045939463265,3.641937667258923,0.0341761520482158,8.430266732742371,260.0,F164T,O1
ep_AI,2.3183978099936327,2.0998444450014415,1.5788288942354696,-0.5553509669189192,5.5615254227321405,260.0,F164T,O1
sigma,0.0644692299583063,0.06424189619335227,0.06305846407254002,0.05615911321119901,0.07354427251159563,260.0,F164T,O1
lp__,242.07059606260538,242.4197158193274,244.102994575916,239.24018807235637,244.06841603149542,260.0,F164T,O1
Ka,200.5886155916193,192.14024699896524,200.54973694455595,113.19594674420775,297.0522101081164,260.0,F164T,O2
Ki,6.714578319143492,6.498307679447208,8.240311611315036,0.6340942608052728,12.384652509689248,260.0,F164T,O2
ep_AI,0.2900761173253896,0.03956086036892495,-0.3434007597281033,-1.181940403693984,2.620893880392416,260.0,F164T,O2
sigma,0.10488788115953215,0.10450112689150033,0.10312096235750227,0.09222187257817074,0.11884509134231738,260.0,F164T,O2
lp__,211.24781506504425,211.60397492927413,213.41289170692576,208.2700491771817,213.35313940135086,260.0,F164T,O2
Ka,3939.3748176661625,764.7642630228988,627.8491058123809,16.018283867762186,14893.660023298666,260.0,F164T,O3
Ki,10.090796585089292,9.556570394625409,9.776878907398011,4.393391457889931,17.11883662027014,260.0,F164T,O3
ep_AI,-0.9182984582619182,-0.9158238317400813,-0.9065056082606625,-1.2451751682080503,-0.6011539793966979,260.0,F164T,O3
sigma,0.09463434137878027,0.09425877995255752,0.09290954767926562,0.08432166732813652,0.10659176756092067,260.0,F164T,O3
lp__,266.58858288548197,266.93321461633565,268.5587462035228,263.754560533506,268.5195092520821,260.0,F164T,O3
Ka,1905.6589635178861,1863.1967314511567,1856.4506204925012,1249.578526794633,2628.0607792804503,260.0,Q294K,O1
Ki,436.7296107941946,430.6294599322171,428.90712346230356,307.7474404321379,572.3950016823317,260.0,Q294K,O1
ep_AI,-3.173716715160735,-3.1759282221758394,-3.1723053331282123,-3.3161227028521933,-3.0388964215996284,260.0,Q294K,O1
sigma,0.05727038507304246,0.057081094443125965,0.05655579261323893,0.051114658574708975,0.06369033677951377,260.0,Q294K,O1
lp__,382.7090413343803,383.04071803712304,384.7135203812164,379.88996701658334,384.68560036102764,260.0,Q294K,O1
Ka,2187.6483922530074,2073.8795996136178,1999.6856719744283,1233.3803597755361,3383.457210673761,260.0,Q294K,O2
Ki,324.57333663237847,321.75244644819884,317.1035794654877,252.88825534571927,408.07434241922635,260.0,Q294K,O2
ep_AI,-3.110832542780849,-3.111511733079142,-3.1098248553030174,-3.185843653473745,-3.0361730904318316,260.0,Q294K,O2
sigma,0.06540275678812804,0.06523632897223736,0.06431379724467601,0.058702408375186026,0.07271634977758865,260.0,Q294K,O2
lp__,378.92739823240476,379.2784589157264,380.99578002889757,376.0141859656676,380.9802187045723,260.0,Q294K,O2
Ka,3450.894497850712,563.0783321524744,366.197645207458,0.6538009753227068,12382.391798414159,260.0,Q294K,O3
Ki,234.2505665106743,37.01628156903399,50.312836992545684,0.018341696986127566,842.5792023761568,260.0,Q294K,O3
ep_AI,-8.536819633615384,-8.111204808338536,-7.095476242950079,-13.457576116020329,-4.79067914382815,260.0,Q294K,O3
sigma,0.08423504698915239,0.08416108457389032,0.0836494634031037,0.07531681890741287,0.09302286588613898,260.0,Q294K,O3
lp__,338.56096448499557,338.8889286156723,340.59512858934426,335.6726209759879,340.5442115841623,260.0,Q294K,O3
Ka,1064.7569073907512,249.58217120873394,191.83558151555496,0.9812899743979328,3457.470559696929,260.0,Q294R,O1
Ki,735.0397327440071,224.4625404103509,173.80203591255756,1.229561878070009,2816.6685945081804,260.0,Q294R,O1
ep_AI,-1.9612104395933485,-1.9695704838409331,-1.9864942713244347,-2.1872420819499503,-1.7480776817767523,260.0,Q294R,O1
sigma,0.02196639322093415,0.021884807912657546,0.02167001444071956,0.01918161271034649,0.024884826844875238,260.0,Q294R,O1
lp__,396.7276686325781,397.07789866973053,398.83596782091337,393.7258768816045,398.81131603472585,260.0,Q294R,O1
Ka,126.7388745240461,33.64305500009913,27.807107539478867,1.8892474257344436,370.81326612667357,260.0,Q294R,O2
Ki,109.14719945380713,30.082082139660635,24.813859028444384,1.722317712441647,335.2663294199735,260.0,Q294R,O2
ep_AI,-2.3601313063772436,-2.3607182125467254,-2.3473912787591362,-2.4596257309110654,-2.265143063718445,260.0,Q294R,O2
sigma,0.020574446964051522,0.02040234076035228,0.01996206947014176,0.01700860013926522,0.024720079508934963,260.0,Q294R,O2
lp__,204.73964947403792,205.10475855917636,206.95469839795732,201.6923405326699,206.9014273242737,260.0,Q294R,O2
Ka,129.8871079509894,43.03984643192156,37.77563862957948,0.8858952930172962,337.2870157622343,260.0,Q294R,O3
Ki,148.70245151191318,58.11692676285824,51.935011408259356,2.9392898997312895,414.0469932911517,260.0,Q294R,O3
ep_AI,-2.4962689804033853,-2.474638859731655,-2.518468112262644,-2.8980368129560916,-2.115215881434235,260.0,Q294R,O3
sigma,0.07588460448222067,0.07567165003241239,0.07517366434872803,0.06780232647454222,0.08399740350933838,260.0,Q294R,O3
lp__,358.0185371983603,358.39024913644243,360.15812578592534,354.9462844548728,360.1416736273714,260.0,Q294R,O3
Ka,1419.8342540958065,1411.5219737392572,1409.3489168668882,1181.4169130676037,1692.1232378945472,260.0,Q294V,O1
Ki,11.700200551747002,9.149844858674479,12.762480814268384,0.09583129756559433,30.72937798929754,260.0,Q294V,O1
ep_AI,3.9279356430244463,3.695159124117187,3.054560243862358,0.8145804055006017,7.531871023006185,260.0,Q294V,O1
sigma,0.039544083032853984,0.03939979342521174,0.03931087693681764,0.03432440445046025,0.04491691503671214,260.0,Q294V,O1
lp__,294.25643590269846,294.56974012534033,296.2063606091118,291.54453856241764,296.13499424559194,260.0,Q294V,O1
Ka,810.9558288827566,775.8953583529787,823.3791983031261,434.9598055238687,1240.837471169141,260.0,Q294V,O2
Ki,30.453820435400957,28.60164848734525,37.78710824815011,0.173913546030605,63.84323314267558,260.0,Q294V,O2
ep_AI,1.1583088145290958,0.7465765092081511,0.28746226471515834,-0.7861155568429047,4.472845154614331,260.0,Q294V,O2
sigma,0.10292859727745515,0.10255350159486765,0.10119024100199356,0.08869148903645178,0.11614190610584421,260.0,Q294V,O2
lp__,214.17722808137958,214.54211783574803,216.49601968129687,211.02188818593996,216.4850366517863,260.0,Q294V,O2
Ka,3123.8064411774258,542.8902428011517,228.313910675269,24.362555742063222,10363.324460181233,260.0,Q294V,O3
Ki,53.4302268543224,46.29839804159223,38.628382345074236,9.808599718057417,112.89097306511293,260.0,Q294V,O3
ep_AI,-0.007096870578055191,-0.026887125689900135,0.0035712364950113047,-0.6123905869667704,0.6018102523685498,260.0,Q294V,O3
sigma,0.19092594762399984,0.19023832577060612,0.18696376932728423,0.168188233142052,0.21541808943062446,260.0,Q294V,O3
lp__,139.99540043264048,140.29665532614473,142.20276794141452,137.2113904670943,142.14405684433098,260.0,Q294V,O3
